{
  "overall": {
    "label": "overall",
    "n": 750,
    "mean": 292.056,
    "median": 206.5,
    "p75": 428.5,
    "p90": 684.4000000000001,
    "p95": 822.6499999999999,
    "max": 1520,
    "frac_gt_256": 0.43066666666666664,
    "frac_gt_512": 0.18,
    "frac_gt_1024": 0.017333333333333333,
    "frac_gt_1536": 0.0,
    "fix_total": 219042,
    "fix_kept_256": 131028,
    "fix_lost_256": 88014,
    "frac_fix_lost_256": 0.40181335086421777
  },
  "by_star_condition": {
    "star_on": {
      "label": "star_on",
      "n": 75,
      "mean": 579.5466666666666,
      "median": 526.0,
      "p75": 704.0,
      "p90": 923.6000000000004,
      "p95": 1214.1,
      "max": 1520,
      "frac_gt_256": 0.8933333333333333,
      "frac_gt_512": 0.52,
      "frac_gt_1024": 0.09333333333333334,
      "frac_gt_1536": 0.0,
      "fix_total": 43466,
      "fix_kept_256": 18794,
      "fix_lost_256": 24672,
      "frac_fix_lost_256": 0.5676160677311002
    },
    "star_off": {
      "label": "star_off",
      "n": 75,
      "mean": 563.4266666666666,
      "median": 526.0,
      "p75": 750.5,
      "p90": 912.2,
      "p95": 981.0999999999999,
      "max": 1261,
      "frac_gt_256": 0.8933333333333333,
      "frac_gt_512": 0.52,
      "frac_gt_1024": 0.04,
      "frac_gt_1536": 0.0,
      "fix_total": 42257,
      "fix_kept_256": 18676,
      "fix_lost_256": 23581,
      "frac_fix_lost_256": 0.5580377215609248
    },
    "not_eligible": {
      "label": "not_eligible",
      "n": 600,
      "mean": 222.19833333333332,
      "median": 155.0,
      "p75": 301.0,
      "p90": 490.30000000000007,
      "p95": 667.05,
      "max": 1506,
      "frac_gt_256": 0.315,
      "frac_gt_512": 0.095,
      "frac_gt_1024": 0.005,
      "frac_gt_1536": 0.0,
      "fix_total": 133319,
      "fix_kept_256": 93558,
      "fix_lost_256": 39761,
      "frac_fix_lost_256": 0.2982395607527809
    }
  },
  "star_ld_decomposition": {
    "star_n_events": 1283,
    "star_frac_abs_ge_256": 0.642244738893219,
    "star_frac_rel_ge_0_5": 0.7482462977396727,
    "star_abs_pct": [
      193.5,
      369.0,
      491.5,
      706.0
    ],
    "star_rel_pct": [
      0.4963725985844287,
      0.680365296803653,
      0.8574700849385632,
      0.9198611272741378
    ],
    "ld_n_events": 2929,
    "ld_frac_abs_ge_256": 0.5913280983270741,
    "ld_frac_rel_ge_0_5": 0.5872311369067942,
    "star_on_mean_len": 579.5466666666666,
    "star_on_median_len": 526.0,
    "star_on_max_len": 1520,
    "other_mean_len": 260.1125925925926,
    "other_median_len": 175.0,
    "other_max_len": 1506,
    "coverage_at_cap": {
      "256": 0.5693333333333334,
      "512": 0.82,
      "768": 0.9373333333333334,
      "1024": 0.9826666666666667,
      "1280": 0.9933333333333333,
      "1536": 1.0,
      "1600": 1.0
    }
  }
}